"Run","Run ID","metric","step","timestamp","value"
"adventurous-bat-720","c78b18c2626b48c8b07892cb2eafde4c","accuracy","0","1751812259296","0.7203029918021896"
"adventurous-bat-720","c78b18c2626b48c8b07892cb2eafde4c","accuracy","1","1751812338045","0.7131593457695579"
"adventurous-bat-720","c78b18c2626b48c8b07892cb2eafde4c","accuracy","2","1751812416652","0.6819220510469813"
"adventurous-bat-720","c78b18c2626b48c8b07892cb2eafde4c","accuracy","3","1751812495084","0.7179465365247661"
"adventurous-bat-720","c78b18c2626b48c8b07892cb2eafde4c","accuracy","4","1751812572977","0.7274525752683886"
"adventurous-bat-720","c78b18c2626b48c8b07892cb2eafde4c","accuracy","5","1751812650942","0.7217708042689732"
"adventurous-bat-720","c78b18c2626b48c8b07892cb2eafde4c","accuracy","6","1751812728472","0.7242001695697811"
"adventurous-bat-720","c78b18c2626b48c8b07892cb2eafde4c","accuracy","7","1751812806524","0.7521851623950362"
"adventurous-bat-720","c78b18c2626b48c8b07892cb2eafde4c","accuracy","8","1751812884125","0.7400295958227041"
"adventurous-bat-720","c78b18c2626b48c8b07892cb2eafde4c","accuracy","9","1751812961984","0.7150150013618729"
"adventurous-bat-720","c78b18c2626b48c8b07892cb2eafde4c","accuracy","10","1751813040259","0.7242082037893283"
"adventurous-bat-720","c78b18c2626b48c8b07892cb2eafde4c","accuracy","11","1751813118179","0.708576892671131"
"adventurous-bat-720","c78b18c2626b48c8b07892cb2eafde4c","accuracy","12","1751813195964","0.7314637891289328"
"adventurous-bat-720","c78b18c2626b48c8b07892cb2eafde4c","accuracy","13","1751813274080","0.7486911280625531"
"adventurous-bat-720","c78b18c2626b48c8b07892cb2eafde4c","accuracy","14","1751813351909","0.7504294466810162"
"adventurous-bat-720","c78b18c2626b48c8b07892cb2eafde4c","accuracy","15","1751813429916","0.7358404457974597"
"adventurous-bat-720","c78b18c2626b48c8b07892cb2eafde4c","accuracy","16","1751813508203","0.7466350114264456"
"adventurous-bat-720","c78b18c2626b48c8b07892cb2eafde4c","accuracy","17","1751813586692","0.7500729930644132"
"adventurous-bat-720","c78b18c2626b48c8b07892cb2eafde4c","accuracy","18","1751813665125","0.7183833115765837"
"adventurous-bat-720","c78b18c2626b48c8b07892cb2eafde4c","accuracy","19","1751813743259","0.7580941544098108"
"adventurous-bat-720","c78b18c2626b48c8b07892cb2eafde4c","accuracy","20","1751813821830","0.7445731857196003"
"adventurous-bat-720","c78b18c2626b48c8b07892cb2eafde4c","accuracy","21","1751813900257","0.7075729681521046"
"adventurous-bat-720","c78b18c2626b48c8b07892cb2eafde4c","accuracy","22","1751813978507","0.7420047682158801"
"adventurous-bat-720","c78b18c2626b48c8b07892cb2eafde4c","accuracy","23","1751814056867","0.7397597955197704"
"adventurous-bat-720","c78b18c2626b48c8b07892cb2eafde4c","accuracy","24","1751814134347","0.7271696752431441"
"adventurous-bat-720","c78b18c2626b48c8b07892cb2eafde4c","accuracy","25","1751814212305","0.7435635521298363"
"adventurous-bat-720","c78b18c2626b48c8b07892cb2eafde4c","accuracy","26","1751814290093","0.7270350034545068"
"adventurous-bat-720","c78b18c2626b48c8b07892cb2eafde4c","accuracy","27","1751814367949","0.7112544053265838"
"adventurous-bat-720","c78b18c2626b48c8b07892cb2eafde4c","accuracy","28","1751814445730","0.7212106717687075"
"adventurous-bat-720","c78b18c2626b48c8b07892cb2eafde4c","accuracy","29","1751814523247","0.7470432411245749"
"adventurous-bat-720","c78b18c2626b48c8b07892cb2eafde4c","accuracy","30","1751814601154","0.7420947016501913"
"adventurous-bat-720","c78b18c2626b48c8b07892cb2eafde4c","accuracy","31","1751814678917","0.7474238389203337"
"adventurous-bat-720","c78b18c2626b48c8b07892cb2eafde4c","accuracy","32","1751814756690","0.7443403179142751"
"adventurous-bat-720","c78b18c2626b48c8b07892cb2eafde4c","accuracy","33","1751814833970","0.7477802510164222"
"adventurous-bat-720","c78b18c2626b48c8b07892cb2eafde4c","accuracy","34","1751814909863","0.7490385302070047"
"adventurous-bat-720","c78b18c2626b48c8b07892cb2eafde4c","accuracy","35","1751814987830","0.7354570038464605"
"adventurous-bat-720","c78b18c2626b48c8b07892cb2eafde4c","accuracy","36","1751815065614","0.7640707003016051"
"adventurous-bat-720","c78b18c2626b48c8b07892cb2eafde4c","accuracy","37","1751815143896","0.7351432125584609"
"adventurous-bat-720","c78b18c2626b48c8b07892cb2eafde4c","accuracy","38","1751815222339","0.7596008093178678"
"adventurous-bat-720","c78b18c2626b48c8b07892cb2eafde4c","accuracy","39","1751815300902","0.7513032666679953"
"adventurous-bat-720","c78b18c2626b48c8b07892cb2eafde4c","accuracy","40","1751815378862","0.7516036883503401"
"adventurous-bat-720","c78b18c2626b48c8b07892cb2eafde4c","accuracy","41","1751815456916","0.7366227130500638"
"adventurous-bat-720","c78b18c2626b48c8b07892cb2eafde4c","accuracy","42","1751815535807","0.7397871367785396"
"adventurous-bat-720","c78b18c2626b48c8b07892cb2eafde4c","accuracy","43","1751815614217","0.7509846590003189"
"adventurous-bat-720","c78b18c2626b48c8b07892cb2eafde4c","accuracy","44","1751815692192","0.7577717060945472"
"adventurous-bat-720","c78b18c2626b48c8b07892cb2eafde4c","accuracy","45","1751815772761","0.7476479043765943"
"adventurous-bat-720","c78b18c2626b48c8b07892cb2eafde4c","accuracy","46","1751815850881","0.7286138832974596"
"adventurous-bat-720","c78b18c2626b48c8b07892cb2eafde4c","accuracy","47","1751815929169","0.7407224694076849"
"adventurous-bat-720","c78b18c2626b48c8b07892cb2eafde4c","accuracy","48","1751816008277","0.750847018494898"
"adventurous-bat-720","c78b18c2626b48c8b07892cb2eafde4c","accuracy","49","1751816087210","0.7649275799186862"
"adventurous-bat-720","c78b18c2626b48c8b07892cb2eafde4c","accuracy","50","1751816166596","0.7519400875584609"
"adventurous-bat-720","c78b18c2626b48c8b07892cb2eafde4c","accuracy","51","1751816247650","0.7446681846566752"
"adventurous-bat-720","c78b18c2626b48c8b07892cb2eafde4c","accuracy","52","1751816326916","0.7536388578869048"
"adventurous-bat-720","c78b18c2626b48c8b07892cb2eafde4c","accuracy","53","1751816418222","0.7443710223347151"
"adventurous-bat-720","c78b18c2626b48c8b07892cb2eafde4c","accuracy","54","1751816497234","0.7507046031303146"
"adventurous-bat-720","c78b18c2626b48c8b07892cb2eafde4c","accuracy","55","1751816580806","0.7601658827593537"
