"Run","Run ID","metric","step","timestamp","value"
"adventurous-bat-720","c78b18c2626b48c8b07892cb2eafde4c","f1_score","0","1751812258711","0.5700931905645991"
"adventurous-bat-720","c78b18c2626b48c8b07892cb2eafde4c","f1_score","1","1751812337451","0.5458498572324609"
"adventurous-bat-720","c78b18c2626b48c8b07892cb2eafde4c","f1_score","2","1751812416076","0.5609095791861022"
"adventurous-bat-720","c78b18c2626b48c8b07892cb2eafde4c","f1_score","3","1751812494487","0.5996123362164602"
"adventurous-bat-720","c78b18c2626b48c8b07892cb2eafde4c","f1_score","4","1751812572400","0.6172213808009845"
"adventurous-bat-720","c78b18c2626b48c8b07892cb2eafde4c","f1_score","5","1751812650367","0.6064539751910344"
"adventurous-bat-720","c78b18c2626b48c8b07892cb2eafde4c","f1_score","6","1751812727892","0.6254495916155477"
"adventurous-bat-720","c78b18c2626b48c8b07892cb2eafde4c","f1_score","7","1751812805936","0.6159437653920452"
"adventurous-bat-720","c78b18c2626b48c8b07892cb2eafde4c","f1_score","8","1751812883529","0.6134854362905302"
"adventurous-bat-720","c78b18c2626b48c8b07892cb2eafde4c","f1_score","9","1751812961399","0.6203167815788573"
"adventurous-bat-720","c78b18c2626b48c8b07892cb2eafde4c","f1_score","10","1751813039628","0.6049552196178457"
"adventurous-bat-720","c78b18c2626b48c8b07892cb2eafde4c","f1_score","11","1751813117612","0.5909434478904008"
"adventurous-bat-720","c78b18c2626b48c8b07892cb2eafde4c","f1_score","12","1751813195381","0.6198117625787737"
"adventurous-bat-720","c78b18c2626b48c8b07892cb2eafde4c","f1_score","13","1751813273489","0.6137331734733378"
"adventurous-bat-720","c78b18c2626b48c8b07892cb2eafde4c","f1_score","14","1751813351330","0.6451135542285529"
"adventurous-bat-720","c78b18c2626b48c8b07892cb2eafde4c","f1_score","15","1751813429339","0.6295437692101683"
"adventurous-bat-720","c78b18c2626b48c8b07892cb2eafde4c","f1_score","16","1751813507626","0.6474882099063108"
"adventurous-bat-720","c78b18c2626b48c8b07892cb2eafde4c","f1_score","17","1751813586098","0.615322411891981"
"adventurous-bat-720","c78b18c2626b48c8b07892cb2eafde4c","f1_score","18","1751813664536","0.6046815144609695"
"adventurous-bat-720","c78b18c2626b48c8b07892cb2eafde4c","f1_score","19","1751813742674","0.6553589560948275"
"adventurous-bat-720","c78b18c2626b48c8b07892cb2eafde4c","f1_score","20","1751813821267","0.6313037682781176"
"adventurous-bat-720","c78b18c2626b48c8b07892cb2eafde4c","f1_score","21","1751813899687","0.6044751324518782"
"adventurous-bat-720","c78b18c2626b48c8b07892cb2eafde4c","f1_score","22","1751813977927","0.6639809869531356"
"adventurous-bat-720","c78b18c2626b48c8b07892cb2eafde4c","f1_score","23","1751814056282","0.6398993052464838"
"adventurous-bat-720","c78b18c2626b48c8b07892cb2eafde4c","f1_score","24","1751814133767","0.6303409530431837"
"adventurous-bat-720","c78b18c2626b48c8b07892cb2eafde4c","f1_score","25","1751814211739","0.6674252335775623"
"adventurous-bat-720","c78b18c2626b48c8b07892cb2eafde4c","f1_score","26","1751814289513","0.6494922293805249"
"adventurous-bat-720","c78b18c2626b48c8b07892cb2eafde4c","f1_score","27","1751814367375","0.6175102265392041"
"adventurous-bat-720","c78b18c2626b48c8b07892cb2eafde4c","f1_score","28","1751814445138","0.6126825025038415"
"adventurous-bat-720","c78b18c2626b48c8b07892cb2eafde4c","f1_score","29","1751814522675","0.6521085687237281"
"adventurous-bat-720","c78b18c2626b48c8b07892cb2eafde4c","f1_score","30","1751814600552","0.628937895862533"
"adventurous-bat-720","c78b18c2626b48c8b07892cb2eafde4c","f1_score","31","1751814678325","0.6350196413399458"
"adventurous-bat-720","c78b18c2626b48c8b07892cb2eafde4c","f1_score","32","1751814756118","0.6395291232471013"
"adventurous-bat-720","c78b18c2626b48c8b07892cb2eafde4c","f1_score","33","1751814833393","0.6457275191457186"
"adventurous-bat-720","c78b18c2626b48c8b07892cb2eafde4c","f1_score","34","1751814909296","0.66206389918052"
"adventurous-bat-720","c78b18c2626b48c8b07892cb2eafde4c","f1_score","35","1751814987258","0.6459948474149764"
"adventurous-bat-720","c78b18c2626b48c8b07892cb2eafde4c","f1_score","36","1751815065040","0.6524455313271417"
"adventurous-bat-720","c78b18c2626b48c8b07892cb2eafde4c","f1_score","37","1751815143323","0.6432150975001388"
"adventurous-bat-720","c78b18c2626b48c8b07892cb2eafde4c","f1_score","38","1751815221717","0.6682407639402639"
"adventurous-bat-720","c78b18c2626b48c8b07892cb2eafde4c","f1_score","39","1751815300265","0.6550577823584639"
"adventurous-bat-720","c78b18c2626b48c8b07892cb2eafde4c","f1_score","40","1751815378238","0.6624913630999836"
"adventurous-bat-720","c78b18c2626b48c8b07892cb2eafde4c","f1_score","41","1751815456297","0.6385296658631353"
"adventurous-bat-720","c78b18c2626b48c8b07892cb2eafde4c","f1_score","42","1751815535186","0.6490747329300054"
"adventurous-bat-720","c78b18c2626b48c8b07892cb2eafde4c","f1_score","43","1751815613602","0.64530350205959"
"adventurous-bat-720","c78b18c2626b48c8b07892cb2eafde4c","f1_score","44","1751815691577","0.6614812116084522"
"adventurous-bat-720","c78b18c2626b48c8b07892cb2eafde4c","f1_score","45","1751815772137","0.6526589734932451"
"adventurous-bat-720","c78b18c2626b48c8b07892cb2eafde4c","f1_score","46","1751815850246","0.651518223530666"
"adventurous-bat-720","c78b18c2626b48c8b07892cb2eafde4c","f1_score","47","1751815928535","0.6581875565001849"
"adventurous-bat-720","c78b18c2626b48c8b07892cb2eafde4c","f1_score","48","1751816007660","0.6545103853924742"
"adventurous-bat-720","c78b18c2626b48c8b07892cb2eafde4c","f1_score","49","1751816086572","0.6705290713640742"
"adventurous-bat-720","c78b18c2626b48c8b07892cb2eafde4c","f1_score","50","1751816165963","0.6498442415579491"
"adventurous-bat-720","c78b18c2626b48c8b07892cb2eafde4c","f1_score","51","1751816247013","0.6567952680040151"
"adventurous-bat-720","c78b18c2626b48c8b07892cb2eafde4c","f1_score","52","1751816326294","0.6439608797391078"
"adventurous-bat-720","c78b18c2626b48c8b07892cb2eafde4c","f1_score","53","1751816417599","0.6315526612520034"
"adventurous-bat-720","c78b18c2626b48c8b07892cb2eafde4c","f1_score","54","1751816496638","0.6490546487306176"
"adventurous-bat-720","c78b18c2626b48c8b07892cb2eafde4c","f1_score","55","1751816580219","0.6554610612065429"
