"Run","Run ID","metric","step","timestamp","value"
"adventurous-bat-720","c78b18c2626b48c8b07892cb2eafde4c","precision_class_2","0","1751812257562","0.7715760821102491"
"adventurous-bat-720","c78b18c2626b48c8b07892cb2eafde4c","precision_class_2","1","1751812336306","0.8797737721053192"
"adventurous-bat-720","c78b18c2626b48c8b07892cb2eafde4c","precision_class_2","2","1751812414909","0.5154135695796517"
"adventurous-bat-720","c78b18c2626b48c8b07892cb2eafde4c","precision_class_2","3","1751812493334","0.5646959108386158"
"adventurous-bat-720","c78b18c2626b48c8b07892cb2eafde4c","precision_class_2","4","1751812571213","0.5495034238365276"
"adventurous-bat-720","c78b18c2626b48c8b07892cb2eafde4c","precision_class_2","5","1751812649192","0.6526081621629348"
"adventurous-bat-720","c78b18c2626b48c8b07892cb2eafde4c","precision_class_2","6","1751812726734","0.5409117769464417"
"adventurous-bat-720","c78b18c2626b48c8b07892cb2eafde4c","precision_class_2","7","1751812804800","0.6719118102593281"
"adventurous-bat-720","c78b18c2626b48c8b07892cb2eafde4c","precision_class_2","8","1751812882370","0.6934770808571095"
"adventurous-bat-720","c78b18c2626b48c8b07892cb2eafde4c","precision_class_2","9","1751812960242","0.5930939324726553"
"adventurous-bat-720","c78b18c2626b48c8b07892cb2eafde4c","precision_class_2","10","1751813038461","0.6206204699555763"
"adventurous-bat-720","c78b18c2626b48c8b07892cb2eafde4c","precision_class_2","11","1751813116426","0.6245601035848436"
"adventurous-bat-720","c78b18c2626b48c8b07892cb2eafde4c","precision_class_2","12","1751813194201","0.45149833957369695"
"adventurous-bat-720","c78b18c2626b48c8b07892cb2eafde4c","precision_class_2","13","1751813272336","0.5745339044505072"
"adventurous-bat-720","c78b18c2626b48c8b07892cb2eafde4c","precision_class_2","14","1751813350178","0.5601763679563035"
"adventurous-bat-720","c78b18c2626b48c8b07892cb2eafde4c","precision_class_2","15","1751813428154","0.6384359732022004"
"adventurous-bat-720","c78b18c2626b48c8b07892cb2eafde4c","precision_class_2","16","1751813506451","0.5695682395652807"
"adventurous-bat-720","c78b18c2626b48c8b07892cb2eafde4c","precision_class_2","17","1751813584941","0.6685495352949054"
"adventurous-bat-720","c78b18c2626b48c8b07892cb2eafde4c","precision_class_2","18","1751813663378","0.6263035075433656"
"adventurous-bat-720","c78b18c2626b48c8b07892cb2eafde4c","precision_class_2","19","1751813741516","0.4536916323452145"
"adventurous-bat-720","c78b18c2626b48c8b07892cb2eafde4c","precision_class_2","20","1751813820015","0.4929679056326334"
"adventurous-bat-720","c78b18c2626b48c8b07892cb2eafde4c","precision_class_2","21","1751813898517","0.6528184033920273"
"adventurous-bat-720","c78b18c2626b48c8b07892cb2eafde4c","precision_class_2","22","1751813976764","0.5091913405867868"
"adventurous-bat-720","c78b18c2626b48c8b07892cb2eafde4c","precision_class_2","23","1751814055103","0.6660518691300844"
"adventurous-bat-720","c78b18c2626b48c8b07892cb2eafde4c","precision_class_2","24","1751814132595","0.5222252029361502"
"adventurous-bat-720","c78b18c2626b48c8b07892cb2eafde4c","precision_class_2","25","1751814210561","0.5152916019051028"
"adventurous-bat-720","c78b18c2626b48c8b07892cb2eafde4c","precision_class_2","26","1751814288340","0.549665243765446"
"adventurous-bat-720","c78b18c2626b48c8b07892cb2eafde4c","precision_class_2","27","1751814366238","0.6045993269980047"
"adventurous-bat-720","c78b18c2626b48c8b07892cb2eafde4c","precision_class_2","28","1751814443975","0.6403589367270144"
"adventurous-bat-720","c78b18c2626b48c8b07892cb2eafde4c","precision_class_2","29","1751814521515","0.6335208131485569"
"adventurous-bat-720","c78b18c2626b48c8b07892cb2eafde4c","precision_class_2","30","1751814599297","0.6062615983312635"
"adventurous-bat-720","c78b18c2626b48c8b07892cb2eafde4c","precision_class_2","31","1751814677141","0.574472967769091"
"adventurous-bat-720","c78b18c2626b48c8b07892cb2eafde4c","precision_class_2","32","1751814754945","0.6228439019659457"
"adventurous-bat-720","c78b18c2626b48c8b07892cb2eafde4c","precision_class_2","33","1751814832233","0.6651400849173563"
"adventurous-bat-720","c78b18c2626b48c8b07892cb2eafde4c","precision_class_2","34","1751814908139","0.5652119965194158"
"adventurous-bat-720","c78b18c2626b48c8b07892cb2eafde4c","precision_class_2","35","1751814986081","0.5574879913713456"
"adventurous-bat-720","c78b18c2626b48c8b07892cb2eafde4c","precision_class_2","36","1751815063879","0.6625022121550227"
"adventurous-bat-720","c78b18c2626b48c8b07892cb2eafde4c","precision_class_2","37","1751815142154","0.6020978940049012"
"adventurous-bat-720","c78b18c2626b48c8b07892cb2eafde4c","precision_class_2","38","1751815220475","0.5502863237370685"
"adventurous-bat-720","c78b18c2626b48c8b07892cb2eafde4c","precision_class_2","39","1751815299010","0.6418033973402816"
"adventurous-bat-720","c78b18c2626b48c8b07892cb2eafde4c","precision_class_2","40","1751815377001","0.5708444726586147"
"adventurous-bat-720","c78b18c2626b48c8b07892cb2eafde4c","precision_class_2","41","1751815455050","0.6185211731650093"
"adventurous-bat-720","c78b18c2626b48c8b07892cb2eafde4c","precision_class_2","42","1751815533965","0.6195759735281694"
"adventurous-bat-720","c78b18c2626b48c8b07892cb2eafde4c","precision_class_2","43","1751815612343","0.6448257927222609"
"adventurous-bat-720","c78b18c2626b48c8b07892cb2eafde4c","precision_class_2","44","1751815690318","0.5388837942525524"
"adventurous-bat-720","c78b18c2626b48c8b07892cb2eafde4c","precision_class_2","45","1751815770898","0.5171761749372606"
"adventurous-bat-720","c78b18c2626b48c8b07892cb2eafde4c","precision_class_2","46","1751815849003","0.5714206805967602"
"adventurous-bat-720","c78b18c2626b48c8b07892cb2eafde4c","precision_class_2","47","1751815927285","0.5736488075824513"
"adventurous-bat-720","c78b18c2626b48c8b07892cb2eafde4c","precision_class_2","48","1751816006430","0.6171521312891557"
"adventurous-bat-720","c78b18c2626b48c8b07892cb2eafde4c","precision_class_2","49","1751816085333","0.5770636443474048"
"adventurous-bat-720","c78b18c2626b48c8b07892cb2eafde4c","precision_class_2","50","1751816164694","0.5422460685476223"
"adventurous-bat-720","c78b18c2626b48c8b07892cb2eafde4c","precision_class_2","51","1751816245749","0.579526479346695"
"adventurous-bat-720","c78b18c2626b48c8b07892cb2eafde4c","precision_class_2","52","1751816325016","0.6225808160166664"
"adventurous-bat-720","c78b18c2626b48c8b07892cb2eafde4c","precision_class_2","53","1751816416355","0.6069889082202978"
"adventurous-bat-720","c78b18c2626b48c8b07892cb2eafde4c","precision_class_2","54","1751816495412","0.4960691022970214"
"adventurous-bat-720","c78b18c2626b48c8b07892cb2eafde4c","precision_class_2","55","1751816578960","0.6502555110133859"
