"Run","Run ID","metric","step","timestamp","value"
"adventurous-bat-720","c78b18c2626b48c8b07892cb2eafde4c","precision_class_0","0","1751812255265","0.7769933043172335"
"adventurous-bat-720","c78b18c2626b48c8b07892cb2eafde4c","precision_class_0","1","1751812333954","0.7807718891847207"
"adventurous-bat-720","c78b18c2626b48c8b07892cb2eafde4c","precision_class_0","2","1751812412556","0.7986075613947156"
"adventurous-bat-720","c78b18c2626b48c8b07892cb2eafde4c","precision_class_0","3","1751812491007","0.7809794566714656"
"adventurous-bat-720","c78b18c2626b48c8b07892cb2eafde4c","precision_class_0","4","1751812568874","0.7766738610338073"
"adventurous-bat-720","c78b18c2626b48c8b07892cb2eafde4c","precision_class_0","5","1751812646866","0.7603744676734933"
"adventurous-bat-720","c78b18c2626b48c8b07892cb2eafde4c","precision_class_0","6","1751812724396","0.7873422043122403"
"adventurous-bat-720","c78b18c2626b48c8b07892cb2eafde4c","precision_class_0","7","1751812802470","0.7682843706716325"
"adventurous-bat-720","c78b18c2626b48c8b07892cb2eafde4c","precision_class_0","8","1751812880051","0.7795390104663378"
"adventurous-bat-720","c78b18c2626b48c8b07892cb2eafde4c","precision_class_0","9","1751812957858","0.7707463358743096"
"adventurous-bat-720","c78b18c2626b48c8b07892cb2eafde4c","precision_class_0","10","1751813036106","0.7760089420411408"
"adventurous-bat-720","c78b18c2626b48c8b07892cb2eafde4c","precision_class_0","11","1751813114048","0.7784814181645426"
"adventurous-bat-720","c78b18c2626b48c8b07892cb2eafde4c","precision_class_0","12","1751813191884","0.7488646282486952"
"adventurous-bat-720","c78b18c2626b48c8b07892cb2eafde4c","precision_class_0","13","1751813269947","0.7518897470892161"
"adventurous-bat-720","c78b18c2626b48c8b07892cb2eafde4c","precision_class_0","14","1751813347841","0.727963982184514"
"adventurous-bat-720","c78b18c2626b48c8b07892cb2eafde4c","precision_class_0","15","1751813425837","0.7933261253899578"
"adventurous-bat-720","c78b18c2626b48c8b07892cb2eafde4c","precision_class_0","16","1751813504070","0.7561771844077562"
"adventurous-bat-720","c78b18c2626b48c8b07892cb2eafde4c","precision_class_0","17","1751813582541","0.740447499715894"
"adventurous-bat-720","c78b18c2626b48c8b07892cb2eafde4c","precision_class_0","18","1751813661001","0.758936966078778"
"adventurous-bat-720","c78b18c2626b48c8b07892cb2eafde4c","precision_class_0","19","1751813739147","0.7570947944708696"
"adventurous-bat-720","c78b18c2626b48c8b07892cb2eafde4c","precision_class_0","20","1751813817664","0.7585966349984845"
"adventurous-bat-720","c78b18c2626b48c8b07892cb2eafde4c","precision_class_0","21","1751813896204","0.7514402976707527"
"adventurous-bat-720","c78b18c2626b48c8b07892cb2eafde4c","precision_class_0","22","1751813974433","0.7792309522726047"
"adventurous-bat-720","c78b18c2626b48c8b07892cb2eafde4c","precision_class_0","23","1751814052755","0.7721610174442549"
"adventurous-bat-720","c78b18c2626b48c8b07892cb2eafde4c","precision_class_0","24","1751814130254","0.7580672801274511"
"adventurous-bat-720","c78b18c2626b48c8b07892cb2eafde4c","precision_class_0","25","1751814208209","0.7767399717960151"
"adventurous-bat-720","c78b18c2626b48c8b07892cb2eafde4c","precision_class_0","26","1751814285963","0.7750602973335038"
"adventurous-bat-720","c78b18c2626b48c8b07892cb2eafde4c","precision_class_0","27","1751814363844","0.7468056268088876"
"adventurous-bat-720","c78b18c2626b48c8b07892cb2eafde4c","precision_class_0","28","1751814441613","0.7534411439395763"
"adventurous-bat-720","c78b18c2626b48c8b07892cb2eafde4c","precision_class_0","29","1751814519204","0.7730551326753003"
"adventurous-bat-720","c78b18c2626b48c8b07892cb2eafde4c","precision_class_0","30","1751814596953","0.7567114770772145"
"adventurous-bat-720","c78b18c2626b48c8b07892cb2eafde4c","precision_class_0","31","1751814674731","0.7586420541607909"
"adventurous-bat-720","c78b18c2626b48c8b07892cb2eafde4c","precision_class_0","32","1751814752620","0.7426683841270162"
"adventurous-bat-720","c78b18c2626b48c8b07892cb2eafde4c","precision_class_0","33","1751814829823","0.7684017920419857"
"adventurous-bat-720","c78b18c2626b48c8b07892cb2eafde4c","precision_class_0","34","1751814905821","0.7683177917508413"
"adventurous-bat-720","c78b18c2626b48c8b07892cb2eafde4c","precision_class_0","35","1751814983745","0.7630489347148918"
"adventurous-bat-720","c78b18c2626b48c8b07892cb2eafde4c","precision_class_0","36","1751815061560","0.7660062920706756"
"adventurous-bat-720","c78b18c2626b48c8b07892cb2eafde4c","precision_class_0","37","1751815139672","0.7597611567438469"
"adventurous-bat-720","c78b18c2626b48c8b07892cb2eafde4c","precision_class_0","38","1751815217977","0.7630573384384614"
"adventurous-bat-720","c78b18c2626b48c8b07892cb2eafde4c","precision_class_0","39","1751815296507","0.7822043915858934"
"adventurous-bat-720","c78b18c2626b48c8b07892cb2eafde4c","precision_class_0","40","1751815374506","0.7689711578182489"
"adventurous-bat-720","c78b18c2626b48c8b07892cb2eafde4c","precision_class_0","41","1751815452591","0.7653013684947326"
"adventurous-bat-720","c78b18c2626b48c8b07892cb2eafde4c","precision_class_0","42","1751815531474","0.760541988212002"
"adventurous-bat-720","c78b18c2626b48c8b07892cb2eafde4c","precision_class_0","43","1751815609828","0.7596346756674318"
"adventurous-bat-720","c78b18c2626b48c8b07892cb2eafde4c","precision_class_0","44","1751815687828","0.7653131610091666"
"adventurous-bat-720","c78b18c2626b48c8b07892cb2eafde4c","precision_class_0","45","1751815768364","0.7646939236576433"
"adventurous-bat-720","c78b18c2626b48c8b07892cb2eafde4c","precision_class_0","46","1751815846484","0.7635908837749268"
"adventurous-bat-720","c78b18c2626b48c8b07892cb2eafde4c","precision_class_0","47","1751815924793","0.7596348030181156"
"adventurous-bat-720","c78b18c2626b48c8b07892cb2eafde4c","precision_class_0","48","1751816003920","0.7652416314462913"
"adventurous-bat-720","c78b18c2626b48c8b07892cb2eafde4c","precision_class_0","49","1751816082816","0.7644316169306639"
"adventurous-bat-720","c78b18c2626b48c8b07892cb2eafde4c","precision_class_0","50","1751816162151","0.7583478511252484"
"adventurous-bat-720","c78b18c2626b48c8b07892cb2eafde4c","precision_class_0","51","1751816243231","0.7706603587699185"
"adventurous-bat-720","c78b18c2626b48c8b07892cb2eafde4c","precision_class_0","52","1751816322523","0.7678304489017983"
"adventurous-bat-720","c78b18c2626b48c8b07892cb2eafde4c","precision_class_0","53","1751816413880","0.7500864925298454"
"adventurous-bat-720","c78b18c2626b48c8b07892cb2eafde4c","precision_class_0","54","1751816492923","0.7651773402971327"
"adventurous-bat-720","c78b18c2626b48c8b07892cb2eafde4c","precision_class_0","55","1751816576635","0.7711882436895449"
