"Run","Run ID","metric","step","timestamp","value"
"adventurous-bat-720","c78b18c2626b48c8b07892cb2eafde4c","precision_class_1","0","1751812256418","0.679038754689168"
"adventurous-bat-720","c78b18c2626b48c8b07892cb2eafde4c","precision_class_1","1","1751812335133","0.6662751547152318"
"adventurous-bat-720","c78b18c2626b48c8b07892cb2eafde4c","precision_class_1","2","1751812413752","0.6309126542428735"
"adventurous-bat-720","c78b18c2626b48c8b07892cb2eafde4c","precision_class_1","3","1751812492155","0.6830070125527768"
"adventurous-bat-720","c78b18c2626b48c8b07892cb2eafde4c","precision_class_1","4","1751812570045","0.7027443008028483"
"adventurous-bat-720","c78b18c2626b48c8b07892cb2eafde4c","precision_class_1","5","1751812648029","0.6941490484426462"
"adventurous-bat-720","c78b18c2626b48c8b07892cb2eafde4c","precision_class_1","6","1751812725574","0.6951102774678262"
"adventurous-bat-720","c78b18c2626b48c8b07892cb2eafde4c","precision_class_1","7","1751812803648","0.7414030003314497"
"adventurous-bat-720","c78b18c2626b48c8b07892cb2eafde4c","precision_class_1","8","1751812881238","0.7111128225470589"
"adventurous-bat-720","c78b18c2626b48c8b07892cb2eafde4c","precision_class_1","9","1751812959066","0.6849055645719547"
"adventurous-bat-720","c78b18c2626b48c8b07892cb2eafde4c","precision_class_1","10","1751813037295","0.6911335443284855"
"adventurous-bat-720","c78b18c2626b48c8b07892cb2eafde4c","precision_class_1","11","1751813115236","0.6692083181850428"
"adventurous-bat-720","c78b18c2626b48c8b07892cb2eafde4c","precision_class_1","12","1751813193043","0.743409754812802"
"adventurous-bat-720","c78b18c2626b48c8b07892cb2eafde4c","precision_class_1","13","1751813271165","0.755203417430337"
"adventurous-bat-720","c78b18c2626b48c8b07892cb2eafde4c","precision_class_1","14","1751813349011","0.7963215724710114"
"adventurous-bat-720","c78b18c2626b48c8b07892cb2eafde4c","precision_class_1","15","1751813427013","0.701596612973342"
"adventurous-bat-720","c78b18c2626b48c8b07892cb2eafde4c","precision_class_1","16","1751813505244","0.7535766311738602"
"adventurous-bat-720","c78b18c2626b48c8b07892cb2eafde4c","precision_class_1","17","1751813583761","0.7638276371891923"
"adventurous-bat-720","c78b18c2626b48c8b07892cb2eafde4c","precision_class_1","18","1751813662202","0.6917861449187092"
"adventurous-bat-720","c78b18c2626b48c8b07892cb2eafde4c","precision_class_1","19","1751813740342","0.7999866575795113"
"adventurous-bat-720","c78b18c2626b48c8b07892cb2eafde4c","precision_class_1","20","1751813818821","0.7542753161630332"
"adventurous-bat-720","c78b18c2626b48c8b07892cb2eafde4c","precision_class_1","21","1751813897355","0.6781417867680909"
"adventurous-bat-720","c78b18c2626b48c8b07892cb2eafde4c","precision_class_1","22","1751813975592","0.7428577135129912"
"adventurous-bat-720","c78b18c2626b48c8b07892cb2eafde4c","precision_class_1","23","1751814053934","0.7185131920691571"
"adventurous-bat-720","c78b18c2626b48c8b07892cb2eafde4c","precision_class_1","24","1751814131419","0.7213030748144448"
"adventurous-bat-720","c78b18c2626b48c8b07892cb2eafde4c","precision_class_1","25","1751814209394","0.7468452907271839"
"adventurous-bat-720","c78b18c2626b48c8b07892cb2eafde4c","precision_class_1","26","1751814287150","0.7103597393142884"
"adventurous-bat-720","c78b18c2626b48c8b07892cb2eafde4c","precision_class_1","27","1751814365048","0.6920837680767998"
"adventurous-bat-720","c78b18c2626b48c8b07892cb2eafde4c","precision_class_1","28","1751814442810","0.700780782271012"
"adventurous-bat-720","c78b18c2626b48c8b07892cb2eafde4c","precision_class_1","29","1751814520370","0.7339879518072289"
"adventurous-bat-720","c78b18c2626b48c8b07892cb2eafde4c","precision_class_1","30","1751814598111","0.7379654396932028"
"adventurous-bat-720","c78b18c2626b48c8b07892cb2eafde4c","precision_class_1","31","1751814675952","0.7499166296143088"
"adventurous-bat-720","c78b18c2626b48c8b07892cb2eafde4c","precision_class_1","32","1751814753783","0.755060639759115"
"adventurous-bat-720","c78b18c2626b48c8b07892cb2eafde4c","precision_class_1","33","1751814830991","0.7356820134537272"
"adventurous-bat-720","c78b18c2626b48c8b07892cb2eafde4c","precision_class_1","34","1751814906996","0.7510173182426452"
"adventurous-bat-720","c78b18c2626b48c8b07892cb2eafde4c","precision_class_1","35","1751814984921","0.7292148155702458"
"adventurous-bat-720","c78b18c2626b48c8b07892cb2eafde4c","precision_class_1","36","1751815062728","0.7689715484115557"
"adventurous-bat-720","c78b18c2626b48c8b07892cb2eafde4c","precision_class_1","37","1751815140989","0.7254962805761764"
"adventurous-bat-720","c78b18c2626b48c8b07892cb2eafde4c","precision_class_1","38","1751815219214","0.7795779150177841"
"adventurous-bat-720","c78b18c2626b48c8b07892cb2eafde4c","precision_class_1","39","1751815297747","0.7344456719056457"
"adventurous-bat-720","c78b18c2626b48c8b07892cb2eafde4c","precision_class_1","40","1751815375759","0.754411244301204"
"adventurous-bat-720","c78b18c2626b48c8b07892cb2eafde4c","precision_class_1","41","1751815453812","0.7218586655513172"
"adventurous-bat-720","c78b18c2626b48c8b07892cb2eafde4c","precision_class_1","42","1751815532720","0.73170205197277"
"adventurous-bat-720","c78b18c2626b48c8b07892cb2eafde4c","precision_class_1","43","1751815611079","0.7503674004237159"
"adventurous-bat-720","c78b18c2626b48c8b07892cb2eafde4c","precision_class_1","44","1751815689072","0.7738365429043289"
"adventurous-bat-720","c78b18c2626b48c8b07892cb2eafde4c","precision_class_1","45","1751815769636","0.7572909449862214"
"adventurous-bat-720","c78b18c2626b48c8b07892cb2eafde4c","precision_class_1","46","1751815847761","0.7169333788917417"
"adventurous-bat-720","c78b18c2626b48c8b07892cb2eafde4c","precision_class_1","47","1751815926039","0.7414285142187652"
"adventurous-bat-720","c78b18c2626b48c8b07892cb2eafde4c","precision_class_1","48","1751816005187","0.7488737508154548"
"adventurous-bat-720","c78b18c2626b48c8b07892cb2eafde4c","precision_class_1","49","1751816084083","0.7847182766767591"
"adventurous-bat-720","c78b18c2626b48c8b07892cb2eafde4c","precision_class_1","50","1751816163397","0.7658152411618246"
"adventurous-bat-720","c78b18c2626b48c8b07892cb2eafde4c","precision_class_1","51","1751816244512","0.7383288279818259"
"adventurous-bat-720","c78b18c2626b48c8b07892cb2eafde4c","precision_class_1","52","1751816323770","0.7500684402853427"
"adventurous-bat-720","c78b18c2626b48c8b07892cb2eafde4c","precision_class_1","53","1751816415139","0.7483164353711583"
"adventurous-bat-720","c78b18c2626b48c8b07892cb2eafde4c","precision_class_1","54","1751816494175","0.7648507927551105"
"adventurous-bat-720","c78b18c2626b48c8b07892cb2eafde4c","precision_class_1","55","1751816577787","0.757975420792614"
