"Run","Run ID","metric","step","timestamp","value"
"adventurous-bat-720","c78b18c2626b48c8b07892cb2eafde4c","recall_class_1","0","1751812256983","0.8981314166309725"
"adventurous-bat-720","c78b18c2626b48c8b07892cb2eafde4c","recall_class_1","1","1751812335719","0.9114339123828317"
"adventurous-bat-720","c78b18c2626b48c8b07892cb2eafde4c","recall_class_1","2","1751812414331","0.9284841976002137"
"adventurous-bat-720","c78b18c2626b48c8b07892cb2eafde4c","recall_class_1","3","1751812492738","0.8952973432539599"
"adventurous-bat-720","c78b18c2626b48c8b07892cb2eafde4c","recall_class_1","4","1751812570626","0.882403651481804"
"adventurous-bat-720","c78b18c2626b48c8b07892cb2eafde4c","recall_class_1","5","1751812648608","0.8546205158882938"
"adventurous-bat-720","c78b18c2626b48c8b07892cb2eafde4c","recall_class_1","6","1751812726148","0.8971199296429585"
"adventurous-bat-720","c78b18c2626b48c8b07892cb2eafde4c","recall_class_1","7","1751812804221","0.8787268860662121"
"adventurous-bat-720","c78b18c2626b48c8b07892cb2eafde4c","recall_class_1","8","1751812881802","0.8909216441777762"
"adventurous-bat-720","c78b18c2626b48c8b07892cb2eafde4c","recall_class_1","9","1751812959653","0.886880589521468"
"adventurous-bat-720","c78b18c2626b48c8b07892cb2eafde4c","recall_class_1","10","1751813037874","0.8829952651900252"
"adventurous-bat-720","c78b18c2626b48c8b07892cb2eafde4c","recall_class_1","11","1751813115822","0.9196049086502447"
"adventurous-bat-720","c78b18c2626b48c8b07892cb2eafde4c","recall_class_1","12","1751813193612","0.8519141907857055"
"adventurous-bat-720","c78b18c2626b48c8b07892cb2eafde4c","recall_class_1","13","1751813271758","0.8607115289088312"
"adventurous-bat-720","c78b18c2626b48c8b07892cb2eafde4c","recall_class_1","14","1751813349587","0.7871930383318936"
"adventurous-bat-720","c78b18c2626b48c8b07892cb2eafde4c","recall_class_1","15","1751813427587","0.9139404674988246"
"adventurous-bat-720","c78b18c2626b48c8b07892cb2eafde4c","recall_class_1","16","1751813505837","0.8578042461265051"
"adventurous-bat-720","c78b18c2626b48c8b07892cb2eafde4c","recall_class_1","17","1751813584361","0.8421231335639802"
"adventurous-bat-720","c78b18c2626b48c8b07892cb2eafde4c","recall_class_1","18","1751813662784","0.8640051445166013"
"adventurous-bat-720","c78b18c2626b48c8b07892cb2eafde4c","recall_class_1","19","1751813740921","0.8357424659398112"
"adventurous-bat-720","c78b18c2626b48c8b07892cb2eafde4c","recall_class_1","20","1751813819434","0.852823678686628"
"adventurous-bat-720","c78b18c2626b48c8b07892cb2eafde4c","recall_class_1","21","1751813897947","0.8644025466421349"
"adventurous-bat-720","c78b18c2626b48c8b07892cb2eafde4c","recall_class_1","22","1751813976183","0.8799477871091397"
"adventurous-bat-720","c78b18c2626b48c8b07892cb2eafde4c","recall_class_1","23","1751814054511","0.8802053264901938"
"adventurous-bat-720","c78b18c2626b48c8b07892cb2eafde4c","recall_class_1","24","1751814132005","0.871805865569859"
"adventurous-bat-720","c78b18c2626b48c8b07892cb2eafde4c","recall_class_1","25","1751814209983","0.8719185538952344"
"adventurous-bat-720","c78b18c2626b48c8b07892cb2eafde4c","recall_class_1","26","1751814287740","0.879571905983351"
"adventurous-bat-720","c78b18c2626b48c8b07892cb2eafde4c","recall_class_1","27","1751814365643","0.8687280775599728"
"adventurous-bat-720","c78b18c2626b48c8b07892cb2eafde4c","recall_class_1","28","1751814443403","0.8748349106531704"
"adventurous-bat-720","c78b18c2626b48c8b07892cb2eafde4c","recall_class_1","29","1751814520935","0.8769481018003148"
"adventurous-bat-720","c78b18c2626b48c8b07892cb2eafde4c","recall_class_1","30","1751814598700","0.8620495840033506"
"adventurous-bat-720","c78b18c2626b48c8b07892cb2eafde4c","recall_class_1","31","1751814676555","0.8628901381942732"
"adventurous-bat-720","c78b18c2626b48c8b07892cb2eafde4c","recall_class_1","32","1751814754362","0.8339676248151474"
"adventurous-bat-720","c78b18c2626b48c8b07892cb2eafde4c","recall_class_1","33","1751814831653","0.876696975962231"
"adventurous-bat-720","c78b18c2626b48c8b07892cb2eafde4c","recall_class_1","34","1751814907569","0.8585738237752223"
"adventurous-bat-720","c78b18c2626b48c8b07892cb2eafde4c","recall_class_1","35","1751814985492","0.8573941594382078"
"adventurous-bat-720","c78b18c2626b48c8b07892cb2eafde4c","recall_class_1","36","1751815063302","0.8616700447826826"
"adventurous-bat-720","c78b18c2626b48c8b07892cb2eafde4c","recall_class_1","37","1751815141570","0.8639178728244787"
"adventurous-bat-720","c78b18c2626b48c8b07892cb2eafde4c","recall_class_1","38","1751815219851","0.8526105590291093"
"adventurous-bat-720","c78b18c2626b48c8b07892cb2eafde4c","recall_class_1","39","1751815298377","0.8918823454070101"
"adventurous-bat-720","c78b18c2626b48c8b07892cb2eafde4c","recall_class_1","40","1751815376374","0.8669539965589204"
"adventurous-bat-720","c78b18c2626b48c8b07892cb2eafde4c","recall_class_1","41","1751815454425","0.8740401539098288"
"adventurous-bat-720","c78b18c2626b48c8b07892cb2eafde4c","recall_class_1","42","1751815533340","0.8574871320574152"
"adventurous-bat-720","c78b18c2626b48c8b07892cb2eafde4c","recall_class_1","43","1751815611703","0.8606412649825115"
"adventurous-bat-720","c78b18c2626b48c8b07892cb2eafde4c","recall_class_1","44","1751815689703","0.8592268649727819"
"adventurous-bat-720","c78b18c2626b48c8b07892cb2eafde4c","recall_class_1","45","1751815770276","0.861815418423344"
"adventurous-bat-720","c78b18c2626b48c8b07892cb2eafde4c","recall_class_1","46","1751815848387","0.861644248087624"
"adventurous-bat-720","c78b18c2626b48c8b07892cb2eafde4c","recall_class_1","47","1751815926661","0.8522927323441338"
"adventurous-bat-720","c78b18c2626b48c8b07892cb2eafde4c","recall_class_1","48","1751816005811","0.864722226128413"
"adventurous-bat-720","c78b18c2626b48c8b07892cb2eafde4c","recall_class_1","49","1751816084707","0.8519556175225215"
"adventurous-bat-720","c78b18c2626b48c8b07892cb2eafde4c","recall_class_1","50","1751816164071","0.8551156414056054"
"adventurous-bat-720","c78b18c2626b48c8b07892cb2eafde4c","recall_class_1","51","1751816245136","0.8659270220523262"
"adventurous-bat-720","c78b18c2626b48c8b07892cb2eafde4c","recall_class_1","52","1751816324403","0.8762689788613425"
"adventurous-bat-720","c78b18c2626b48c8b07892cb2eafde4c","recall_class_1","53","1751816415748","0.8495599929460529"
"adventurous-bat-720","c78b18c2626b48c8b07892cb2eafde4c","recall_class_1","54","1751816494785","0.8582444052051744"
"adventurous-bat-720","c78b18c2626b48c8b07892cb2eafde4c","recall_class_1","55","1751816578378","0.8748526785425846"
