"Run","Run ID","metric","step","timestamp","value"
"adventurous-bat-720","c78b18c2626b48c8b07892cb2eafde4c","recall_class_2","0","1751812258125","0.13138212562176763"
"adventurous-bat-720","c78b18c2626b48c8b07892cb2eafde4c","recall_class_2","1","1751812336878","0.09155502643541852"
"adventurous-bat-720","c78b18c2626b48c8b07892cb2eafde4c","recall_class_2","2","1751812415485","0.1994919314326185"
"adventurous-bat-720","c78b18c2626b48c8b07892cb2eafde4c","recall_class_2","3","1751812493902","0.2237568250321178"
"adventurous-bat-720","c78b18c2626b48c8b07892cb2eafde4c","recall_class_2","4","1751812571810","0.25955221406924267"
"adventurous-bat-720","c78b18c2626b48c8b07892cb2eafde4c","recall_class_2","5","1751812649770","0.2232462343940442"
"adventurous-bat-720","c78b18c2626b48c8b07892cb2eafde4c","recall_class_2","6","1751812727315","0.30270947598576936"
"adventurous-bat-720","c78b18c2626b48c8b07892cb2eafde4c","recall_class_2","7","1751812805367","0.18812356911091346"
"adventurous-bat-720","c78b18c2626b48c8b07892cb2eafde4c","recall_class_2","8","1751812882943","0.20450750650591296"
"adventurous-bat-720","c78b18c2626b48c8b07892cb2eafde4c","recall_class_2","9","1751812960813","0.29624551174358466"
"adventurous-bat-720","c78b18c2626b48c8b07892cb2eafde4c","recall_class_2","10","1751813039040","0.21859816105016966"
"adventurous-bat-720","c78b18c2626b48c8b07892cb2eafde4c","recall_class_2","11","1751813117021","0.21562494852916955"
"adventurous-bat-720","c78b18c2626b48c8b07892cb2eafde4c","recall_class_2","12","1751813194800","0.27610214489244655"
"adventurous-bat-720","c78b18c2626b48c8b07892cb2eafde4c","recall_class_2","13","1751813272917","0.19472264428303193"
"adventurous-bat-720","c78b18c2626b48c8b07892cb2eafde4c","recall_class_2","14","1751813350752","0.2923360448166815"
"adventurous-bat-720","c78b18c2626b48c8b07892cb2eafde4c","recall_class_2","15","1751813428746","0.2692356787561353"
"adventurous-bat-720","c78b18c2626b48c8b07892cb2eafde4c","recall_class_2","16","1751813507039","0.3120982701683302"
"adventurous-bat-720","c78b18c2626b48c8b07892cb2eafde4c","recall_class_2","17","1751813585521","0.18887967561023816"
"adventurous-bat-720","c78b18c2626b48c8b07892cb2eafde4c","recall_class_2","18","1751813663961","0.22855596526336594"
"adventurous-bat-720","c78b18c2626b48c8b07892cb2eafde4c","recall_class_2","19","1751813742095","0.34444614298184933"
"adventurous-bat-720","c78b18c2626b48c8b07892cb2eafde4c","recall_class_2","20","1751813820625","0.27350441207958626"
"adventurous-bat-720","c78b18c2626b48c8b07892cb2eafde4c","recall_class_2","21","1751813899095","0.24939110007576507"
"adventurous-bat-720","c78b18c2626b48c8b07892cb2eafde4c","recall_class_2","22","1751813977345","0.4300604061666173"
"adventurous-bat-720","c78b18c2626b48c8b07892cb2eafde4c","recall_class_2","23","1751814055693","0.2865229292255493"
"adventurous-bat-720","c78b18c2626b48c8b07892cb2eafde4c","recall_class_2","24","1751814133166","0.31512063733241097"
"adventurous-bat-720","c78b18c2626b48c8b07892cb2eafde4c","recall_class_2","25","1751814211156","0.437952428599664"
"adventurous-bat-720","c78b18c2626b48c8b07892cb2eafde4c","recall_class_2","26","1751814288931","0.39352023421286686"
"adventurous-bat-720","c78b18c2626b48c8b07892cb2eafde4c","recall_class_2","27","1751814366808","0.291724571350924"
"adventurous-bat-720","c78b18c2626b48c8b07892cb2eafde4c","recall_class_2","28","1751814444566","0.24591064252067069"
"adventurous-bat-720","c78b18c2626b48c8b07892cb2eafde4c","recall_class_2","29","1751814522097","0.3160257518858912"
"adventurous-bat-720","c78b18c2626b48c8b07892cb2eafde4c","recall_class_2","30","1751814599866","0.25214607627565305"
"adventurous-bat-720","c78b18c2626b48c8b07892cb2eafde4c","recall_class_2","31","1751814677727","0.2641374929999671"
"adventurous-bat-720","c78b18c2626b48c8b07892cb2eafde4c","recall_class_2","32","1751814755541","0.27767226257535327"
"adventurous-bat-720","c78b18c2626b48c8b07892cb2eafde4c","recall_class_2","33","1751814832807","0.28608259627104127"
"adventurous-bat-720","c78b18c2626b48c8b07892cb2eafde4c","recall_class_2","34","1751814908726","0.3669314326185064"
"adventurous-bat-720","c78b18c2626b48c8b07892cb2eafde4c","recall_class_2","35","1751814986674","0.34318896794808446"
"adventurous-bat-720","c78b18c2626b48c8b07892cb2eafde4c","recall_class_2","36","1751815064457","0.2687925149059525"
"adventurous-bat-720","c78b18c2626b48c8b07892cb2eafde4c","recall_class_2","37","1751815142748","0.3213393430674968"
"adventurous-bat-720","c78b18c2626b48c8b07892cb2eafde4c","recall_class_2","38","1751815221104","0.3639584774516586"
"adventurous-bat-720","c78b18c2626b48c8b07892cb2eafde4c","recall_class_2","39","1751815299637","0.31492582023915405"
"adventurous-bat-720","c78b18c2626b48c8b07892cb2eafde4c","recall_class_2","40","1751815377624","0.3591624254702375"
"adventurous-bat-720","c78b18c2626b48c8b07892cb2eafde4c","recall_class_2","41","1751815455668","0.2973691199723293"
"adventurous-bat-720","c78b18c2626b48c8b07892cb2eafde4c","recall_class_2","42","1751815534576","0.32613102002832955"
"adventurous-bat-720","c78b18c2626b48c8b07892cb2eafde4c","recall_class_2","43","1751815612991","0.2788620108212274"
"adventurous-bat-720","c78b18c2626b48c8b07892cb2eafde4c","recall_class_2","44","1751815690936","0.34450404766610665"
"adventurous-bat-720","c78b18c2626b48c8b07892cb2eafde4c","recall_class_2","45","1751815771520","0.3461652687189116"
"adventurous-bat-720","c78b18c2626b48c8b07892cb2eafde4c","recall_class_2","46","1751815849622","0.38604177990249366"
"adventurous-bat-720","c78b18c2626b48c8b07892cb2eafde4c","recall_class_2","47","1751815927904","0.37343605881674735"
"adventurous-bat-720","c78b18c2626b48c8b07892cb2eafde4c","recall_class_2","48","1751816007038","0.3169730725203413"
"adventurous-bat-720","c78b18c2626b48c8b07892cb2eafde4c","recall_class_2","49","1751816085958","0.34852366217017494"
"adventurous-bat-720","c78b18c2626b48c8b07892cb2eafde4c","recall_class_2","50","1751816165334","0.31265415513720063"
"adventurous-bat-720","c78b18c2626b48c8b07892cb2eafde4c","recall_class_2","51","1751816246381","0.3541429900846592"
"adventurous-bat-720","c78b18c2626b48c8b07892cb2eafde4c","recall_class_2","52","1751816325637","0.27225701650360706"
"adventurous-bat-720","c78b18c2626b48c8b07892cb2eafde4c","recall_class_2","53","1751816416959","0.25436215288071945"
"adventurous-bat-720","c78b18c2626b48c8b07892cb2eafde4c","recall_class_2","54","1751816496029","0.3270639288302533"
"adventurous-bat-720","c78b18c2626b48c8b07892cb2eafde4c","recall_class_2","55","1751816579542","0.29050136706525675"
