"Run","Run ID","metric","step","timestamp","value"
"adventurous-bat-720","c78b18c2626b48c8b07892cb2eafde4c","recall_class_0","0","1751812255843","0.657688868443805"
"adventurous-bat-720","c78b18c2626b48c8b07892cb2eafde4c","recall_class_0","1","1751812334555","0.6374877894759313"
"adventurous-bat-720","c78b18c2626b48c8b07892cb2eafde4c","recall_class_0","2","1751812413143","0.5392280194211463"
"adventurous-bat-720","c78b18c2626b48c8b07892cb2eafde4c","recall_class_0","3","1751812491575","0.6399221470413947"
"adventurous-bat-720","c78b18c2626b48c8b07892cb2eafde4c","recall_class_0","4","1751812569464","0.6653248576141849"
"adventurous-bat-720","c78b18c2626b48c8b07892cb2eafde4c","recall_class_0","5","1751812647457","0.6847877529433518"
"adventurous-bat-720","c78b18c2626b48c8b07892cb2eafde4c","recall_class_0","6","1751812724988","0.6380318615053695"
"adventurous-bat-720","c78b18c2626b48c8b07892cb2eafde4c","recall_class_0","7","1751812803078","0.7318774216606864"
"adventurous-bat-720","c78b18c2626b48c8b07892cb2eafde4c","recall_class_0","8","1751812880647","0.6928883618082009"
"adventurous-bat-720","c78b18c2626b48c8b07892cb2eafde4c","recall_class_0","9","1751812958472","0.6293466366785033"
"adventurous-bat-720","c78b18c2626b48c8b07892cb2eafde4c","recall_class_0","10","1751813036709","0.6649118432012043"
"adventurous-bat-720","c78b18c2626b48c8b07892cb2eafde4c","recall_class_0","11","1751813114625","0.5998351729891673"
"adventurous-bat-720","c78b18c2626b48c8b07892cb2eafde4c","recall_class_0","12","1751813192464","0.698495432738907"
"adventurous-bat-720","c78b18c2626b48c8b07892cb2eafde4c","recall_class_0","13","1751813270540","0.7398511908553548"
"adventurous-bat-720","c78b18c2626b48c8b07892cb2eafde4c","recall_class_0","14","1751813348432","0.7937351532595084"
"adventurous-bat-720","c78b18c2626b48c8b07892cb2eafde4c","recall_class_0","15","1751813426414","0.6525239501876039"
"adventurous-bat-720","c78b18c2626b48c8b07892cb2eafde4c","recall_class_0","16","1751813504665","0.7185922681773687"
"adventurous-bat-720","c78b18c2626b48c8b07892cb2eafde4c","recall_class_0","17","1751813583129","0.7605336752222686"
"adventurous-bat-720","c78b18c2626b48c8b07892cb2eafde4c","recall_class_0","18","1751813661613","0.668374647973647"
"adventurous-bat-720","c78b18c2626b48c8b07892cb2eafde4c","recall_class_0","19","1751813739751","0.7569266855515886"
"adventurous-bat-720","c78b18c2626b48c8b07892cb2eafde4c","recall_class_0","20","1751813818242","0.7252843842676457"
"adventurous-bat-720","c78b18c2626b48c8b07892cb2eafde4c","recall_class_0","21","1751813896789","0.6421180615214149"
"adventurous-bat-720","c78b18c2626b48c8b07892cb2eafde4c","recall_class_0","22","1751813975009","0.6692034313767686"
"adventurous-bat-720","c78b18c2626b48c8b07892cb2eafde4c","recall_class_0","23","1751814053324","0.6883212298360648"
"adventurous-bat-720","c78b18c2626b48c8b07892cb2eafde4c","recall_class_0","24","1751814130854","0.6650462149183078"
"adventurous-bat-720","c78b18c2626b48c8b07892cb2eafde4c","recall_class_0","25","1751814208806","0.6783894297233337"
"adventurous-bat-720","c78b18c2626b48c8b07892cb2eafde4c","recall_class_0","26","1751814286550","0.6446196049454301"
"adventurous-bat-720","c78b18c2626b48c8b07892cb2eafde4c","recall_class_0","27","1751814364465","0.638751753030121"
"adventurous-bat-720","c78b18c2626b48c8b07892cb2eafde4c","recall_class_0","28","1751814442207","0.6615225512067286"
"adventurous-bat-720","c78b18c2626b48c8b07892cb2eafde4c","recall_class_0","29","1751814519782","0.7014381389112603"
"adventurous-bat-720","c78b18c2626b48c8b07892cb2eafde4c","recall_class_0","30","1751814597535","0.7153596427588881"
"adventurous-bat-720","c78b18c2626b48c8b07892cb2eafde4c","recall_class_0","31","1751814675372","0.7236410637901536"
"adventurous-bat-720","c78b18c2626b48c8b07892cb2eafde4c","recall_class_0","32","1751814753208","0.7411874620600036"
"adventurous-bat-720","c78b18c2626b48c8b07892cb2eafde4c","recall_class_0","33","1751814830411","0.7082013575244891"
"adventurous-bat-720","c78b18c2626b48c8b07892cb2eafde4c","recall_class_0","34","1751814906402","0.7137076711875017"
"adventurous-bat-720","c78b18c2626b48c8b07892cb2eafde4c","recall_class_0","35","1751814984343","0.6905898393289575"
"adventurous-bat-720","c78b18c2626b48c8b07892cb2eafde4c","recall_class_0","36","1751815062146","0.7584802670700286"
"adventurous-bat-720","c78b18c2626b48c8b07892cb2eafde4c","recall_class_0","37","1751815140422","0.6876832009012976"
"adventurous-bat-720","c78b18c2626b48c8b07892cb2eafde4c","recall_class_0","38","1751815218592","0.7415051422790752"
"adventurous-bat-720","c78b18c2626b48c8b07892cb2eafde4c","recall_class_0","39","1751815297137","0.6969241186299973"
"adventurous-bat-720","c78b18c2626b48c8b07892cb2eafde4c","recall_class_0","40","1751815375137","0.7127329382351493"
"adventurous-bat-720","c78b18c2626b48c8b07892cb2eafde4c","recall_class_0","41","1751815453199","0.6855889044943336"
"adventurous-bat-720","c78b18c2626b48c8b07892cb2eafde4c","recall_class_0","42","1751815532107","0.7023356576225864"
"adventurous-bat-720","c78b18c2626b48c8b07892cb2eafde4c","recall_class_0","43","1751815610469","0.7305982218515785"
"adventurous-bat-720","c78b18c2626b48c8b07892cb2eafde4c","recall_class_0","44","1751815688435","0.7349724903822217"
"adventurous-bat-720","c78b18c2626b48c8b07892cb2eafde4c","recall_class_0","45","1751815769007","0.7113608144871476"
"adventurous-bat-720","c78b18c2626b48c8b07892cb2eafde4c","recall_class_0","46","1751815847113","0.6653854583117128"
"adventurous-bat-720","c78b18c2626b48c8b07892cb2eafde4c","recall_class_0","47","1751815925422","0.7010693698939178"
"adventurous-bat-720","c78b18c2626b48c8b07892cb2eafde4c","recall_class_0","48","1751816004560","0.720241915574276"
"adventurous-bat-720","c78b18c2626b48c8b07892cb2eafde4c","recall_class_0","49","1751816083447","0.7557233226949268"
"adventurous-bat-720","c78b18c2626b48c8b07892cb2eafde4c","recall_class_0","50","1751816162773","0.7319335892105967"
"adventurous-bat-720","c78b18c2626b48c8b07892cb2eafde4c","recall_class_0","51","1751816243862","0.7001240764849668"
"adventurous-bat-720","c78b18c2626b48c8b07892cb2eafde4c","recall_class_0","52","1751816323139","0.723047409371829"
"adventurous-bat-720","c78b18c2626b48c8b07892cb2eafde4c","recall_class_0","53","1751816414497","0.7310234166604401"
"adventurous-bat-720","c78b18c2626b48c8b07892cb2eafde4c","recall_class_0","54","1751816493561","0.7241277201019056"
"adventurous-bat-720","c78b18c2626b48c8b07892cb2eafde4c","recall_class_0","55","1751816577208","0.7348111754572684"
