"Run","Run ID","metric","step","timestamp","value"
"adventurous-bat-720","c78b18c2626b48c8b07892cb2eafde4c","train_loss","0","1751812254691","0.19845272911091646"
"adventurous-bat-720","c78b18c2626b48c8b07892cb2eafde4c","train_loss","1","1751812333362","0.16137332354600614"
"adventurous-bat-720","c78b18c2626b48c8b07892cb2eafde4c","train_loss","2","1751812411956","0.15612320888500947"
"adventurous-bat-720","c78b18c2626b48c8b07892cb2eafde4c","train_loss","3","1751812490382","0.16031468941424137"
"adventurous-bat-720","c78b18c2626b48c8b07892cb2eafde4c","train_loss","4","1751812568289","0.15651021047662467"
"adventurous-bat-720","c78b18c2626b48c8b07892cb2eafde4c","train_loss","5","1751812646252","0.15662361499972832"
"adventurous-bat-720","c78b18c2626b48c8b07892cb2eafde4c","train_loss","6","1751812723797","0.15197618439411506"
"adventurous-bat-720","c78b18c2626b48c8b07892cb2eafde4c","train_loss","7","1751812801854","0.1475233312887259"
"adventurous-bat-720","c78b18c2626b48c8b07892cb2eafde4c","train_loss","8","1751812879466","0.15047779421393687"
"adventurous-bat-720","c78b18c2626b48c8b07892cb2eafde4c","train_loss","9","1751812957215","0.15307165113970256"
"adventurous-bat-720","c78b18c2626b48c8b07892cb2eafde4c","train_loss","10","1751813035511","0.14686027656380946"
"adventurous-bat-720","c78b18c2626b48c8b07892cb2eafde4c","train_loss","11","1751813113452","0.14771517370946896"
"adventurous-bat-720","c78b18c2626b48c8b07892cb2eafde4c","train_loss","12","1751813191289","0.14573435557003206"
"adventurous-bat-720","c78b18c2626b48c8b07892cb2eafde4c","train_loss","13","1751813269386","0.14691892309257618"
"adventurous-bat-720","c78b18c2626b48c8b07892cb2eafde4c","train_loss","14","1751813347260","0.1441745047385876"
"adventurous-bat-720","c78b18c2626b48c8b07892cb2eafde4c","train_loss","15","1751813425221","0.14698545400721905"
"adventurous-bat-720","c78b18c2626b48c8b07892cb2eafde4c","train_loss","16","1751813503485","0.147590602389895"
"adventurous-bat-720","c78b18c2626b48c8b07892cb2eafde4c","train_loss","17","1751813581957","0.14264440823059815"
"adventurous-bat-720","c78b18c2626b48c8b07892cb2eafde4c","train_loss","18","1751813660417","0.1450743114050382"
"adventurous-bat-720","c78b18c2626b48c8b07892cb2eafde4c","train_loss","19","1751813738537","0.14456204186456326"
"adventurous-bat-720","c78b18c2626b48c8b07892cb2eafde4c","train_loss","20","1751813817074","0.13926020680138698"
"adventurous-bat-720","c78b18c2626b48c8b07892cb2eafde4c","train_loss","21","1751813895592","0.14083065708669332"
"adventurous-bat-720","c78b18c2626b48c8b07892cb2eafde4c","train_loss","22","1751813973844","0.1423388035633625"
"adventurous-bat-720","c78b18c2626b48c8b07892cb2eafde4c","train_loss","23","1751814052108","0.14026610844601423"
"adventurous-bat-720","c78b18c2626b48c8b07892cb2eafde4c","train_loss","24","1751814129673","0.1439002351118968"
"adventurous-bat-720","c78b18c2626b48c8b07892cb2eafde4c","train_loss","25","1751814207641","0.1429479472243633"
"adventurous-bat-720","c78b18c2626b48c8b07892cb2eafde4c","train_loss","26","1751814285361","0.13922500724975878"
"adventurous-bat-720","c78b18c2626b48c8b07892cb2eafde4c","train_loss","27","1751814363248","0.13790853034991485"
"adventurous-bat-720","c78b18c2626b48c8b07892cb2eafde4c","train_loss","28","1751814441013","0.14226371904787344"
"adventurous-bat-720","c78b18c2626b48c8b07892cb2eafde4c","train_loss","29","1751814518593","0.13912350421723646"
"adventurous-bat-720","c78b18c2626b48c8b07892cb2eafde4c","train_loss","30","1751814596365","0.13594519671721336"
"adventurous-bat-720","c78b18c2626b48c8b07892cb2eafde4c","train_loss","31","1751814674148","0.14057903488477072"
"adventurous-bat-720","c78b18c2626b48c8b07892cb2eafde4c","train_loss","32","1751814752034","0.1366236201272561"
"adventurous-bat-720","c78b18c2626b48c8b07892cb2eafde4c","train_loss","33","1751814829225","0.13608374862143627"
"adventurous-bat-720","c78b18c2626b48c8b07892cb2eafde4c","train_loss","34","1751814905216","0.1359513939764255"
"adventurous-bat-720","c78b18c2626b48c8b07892cb2eafde4c","train_loss","35","1751814983160","0.13339049918338275"
"adventurous-bat-720","c78b18c2626b48c8b07892cb2eafde4c","train_loss","36","1751815060974","0.14129134403684965"
"adventurous-bat-720","c78b18c2626b48c8b07892cb2eafde4c","train_loss","37","1751815139068","0.14010516673517534"
"adventurous-bat-720","c78b18c2626b48c8b07892cb2eafde4c","train_loss","38","1751815217366","0.13571278063150552"
"adventurous-bat-720","c78b18c2626b48c8b07892cb2eafde4c","train_loss","39","1751815295854","0.1358067006445848"
"adventurous-bat-720","c78b18c2626b48c8b07892cb2eafde4c","train_loss","40","1751815373882","0.13827196126564956"
"adventurous-bat-720","c78b18c2626b48c8b07892cb2eafde4c","train_loss","41","1751815451982","0.1358710773384724"
"adventurous-bat-720","c78b18c2626b48c8b07892cb2eafde4c","train_loss","42","1751815530822","0.13592204857522097"
"adventurous-bat-720","c78b18c2626b48c8b07892cb2eafde4c","train_loss","43","1751815609188","0.13337431919689363"
"adventurous-bat-720","c78b18c2626b48c8b07892cb2eafde4c","train_loss","44","1751815687199","0.13472073171765375"
"adventurous-bat-720","c78b18c2626b48c8b07892cb2eafde4c","train_loss","45","1751815767663","0.13326055055054334"
"adventurous-bat-720","c78b18c2626b48c8b07892cb2eafde4c","train_loss","46","1751815845848","0.13555919398099947"
"adventurous-bat-720","c78b18c2626b48c8b07892cb2eafde4c","train_loss","47","1751815924131","0.13750781945120066"
"adventurous-bat-720","c78b18c2626b48c8b07892cb2eafde4c","train_loss","48","1751816003307","0.13456859016934267"
"adventurous-bat-720","c78b18c2626b48c8b07892cb2eafde4c","train_loss","49","1751816082117","0.13216516533150122"
"adventurous-bat-720","c78b18c2626b48c8b07892cb2eafde4c","train_loss","50","1751816161498","0.13543496027779886"
"adventurous-bat-720","c78b18c2626b48c8b07892cb2eafde4c","train_loss","51","1751816242572","0.13273446061290228"
"adventurous-bat-720","c78b18c2626b48c8b07892cb2eafde4c","train_loss","52","1751816321884","0.12952543353327575"
"adventurous-bat-720","c78b18c2626b48c8b07892cb2eafde4c","train_loss","53","1751816413266","0.13462723729511103"
"adventurous-bat-720","c78b18c2626b48c8b07892cb2eafde4c","train_loss","54","1751816492298","0.13120806694794923"
"adventurous-bat-720","c78b18c2626b48c8b07892cb2eafde4c","train_loss","55","1751816576018","0.13629861878087887"
